topic,gse,pmid
adrenal cortex,GSE205272,37129912
adrenal cortex,GSE193480,36543805
adrenal cortex,GSE216327,37478183
adrenal cortex,GSE216008,36971100
adrenal cortex,GSE202940,36240276
adrenal cortex,GSE179308,35603952
adrenal cortex,GSE143385,33148256
adrenal cortex,GSE150775,33133015
adrenal cortex,GSE136801,31605007
adrenal cortex,GSE124531,31522749
adrenal cortex,GSE109578,30541888
adrenal cortex,GSE90867,28747387
adrenal cortex,GSE107715,29211850
adrenal cortex,GSE103899,29367455
adrenal cortex,GSE75415,17234769
adrenal cortex,GSE64957,25776071
adrenal cortex,GSE68889,26240369
adrenal cortex,GSE61359,25595289
adrenal cortex,GSE43035,23907384
adrenal cortex,GSE43279,23756429
adrenal cortex,GSE40398,23471215
adrenal cortex,GSE32305,22589739
adrenal cortex,GSE33694,22259056
adrenal cortex,GSE33371,22800756
adrenal cortex,GSE22816,21859927
adrenal cortex,GSE19856,20484036
adrenal cortex,GSE12368,19218281
adrenal cortex,GSE14922,19546168
adrenal cortex,GSE10927,19147773
adrenal cortex,GSE8421,17895393
adrenal cortex,GSE8442,18055484
adrenal cortex,GSE4060,16772347
aldosterone,GSE182344,37356621
aldosterone,GSE225735,37310791
aldosterone,GSE210381,36057693
aldosterone,GSE203096,35705045
aldosterone,GSE151321,33417258
aldosterone,GSE172478,34502527
aldosterone,GSE131086,33326782
Angiotensin II,GSE236456,37587150
Angiotensin II,GSE221502,37204871
Angiotensin II,GSE147416,36841480
Angiotensin II,GSE205267,36083796
Angiotensin II,GSE205031,36169218
Angiotensin II,GSE158191,34358309
Angiotensin II,GSE206779,35730579
Angiotensin II,GSE189003,35358093
Angiotensin II,GSE151466,34385107
Angiotensin II,GSE183857,34685676
Angiotensin II,GSE181198,34565186
Angiotensin II,GSE181158,34572026
Angiotensin II,GSE175683,34646388
Angiotensin II,GSE154036,33054396
Angiotensin II,GSE174386,34492423
Angiotensin II,GSE169734,33801629
Angiotensin II,GSE150041,33200983
Angiotensin II,GSE158509,33613526
Angiotensin II,GSE153923,32871009
Angiotensin II,GSE155569,32917889
Angiotensin II,GSE147078,32397282
Angiotensin II,GSE138484,32208430
Angiotensin II,GSE101711,30929512
Angiotensin II,GSE102332,28957668
Angiotensin II,GSE93597,28465505
Angiotensin II,GSE75815,28276483
Angiotensin II,GSE68426,26291973
Angiotensin II,GSE47420,26430242
Angiotensin II,GSE64613,26077587
Angiotensin II,GSE53269,25069667
Angiotensin II,GSE59422,25244096
Angiotensin II,GSE54943,24812324
Angiotensin II,GSE45463,24614802
Angiotensin II,GSE42808,23702662
Angiotensin II,GSE39548,23166714
Angiotensin II,GSE29145,22232556
Angiotensin II,GSE18430,20807774
Angiotensin II,GSE5017,20231290
Angiotensin II,GSE14975,20117462
Angiotensin II,GSE17901,21712436
Angiotensin II,GSE12591,19580648
Angiotensin II,GSE15918,19164467
Angiotensin II,GSE10648,17327499
Angiotensin II,GSE5996,18158353
Angiotensin II,GSE5553,17327493
Angiotensin II,GSE2739,16601219
Angiotensin II,GSE1030,15375197
Angiotensin II,GSE1446,15242839
arthritis,GSE61140,25889670
arthritis,GSE55457,24690414
arthritis,GSE45867,25927832
arthritis,GSE48556,23864235
arthritis,GSE247993,38124139
arthritis,GSE251721,36794668
arthritis,GSE230737,38019905
arthritis,GSE230736,38019905
arthritis,GSE230708,38019905
arthritis,GSE221158,37935918
arthritis,GSE245067,37920469
arthritis,GSE245066,37920469
arthritis,GSE228104,37744384
arthritis,GSE217012,37749630
arthritis,GSE243512,37822935
arthritis,GSE201669,37662900
arthritis,GSE235610,37700248
arthritis,GSE199193,36924130
arthritis,GSE242732,37907525
arthritis,GSE193175,37907525
arthritis,GSE236695,37662940
arthritis,GSE235400,37490914
arthritis,GSE227922,37679780
arthritis,GSE225803,37204925
arthritis,GSE211124,37691918
arthritis,GSE195598,37691918
arthritis,GSE241794,36354073
arthritis,GSE236909,37683603
arthritis,GSE229449,37344505
arthritis,GSE206419,37541197
arthritis,GSE183970,35796437
arthritis,GSE228469,37344157
arthritis,GSE217561,37756161
arthritis,GSE225731,37507201
arthritis,GSE232867,36891610
arthritis,GSE221704,37204303
arthritis,GSE232407,37197892
arthritis,GSE215039,37316888
arthritis,GSE216245,37184877
arthritis,GSE232406,37197892
arthritis,GSE220243,36564153
arthritis,GSE229189,37115585
arthritis,GSE211137,37014697
arthritis,GSE219027,37006170
arthritis,GSE184233,36520064
arthritis,GSE224330,36877690
arthritis,GSE209585,37056573
arthritis,GSE199490,36801909
arthritis,GSE181356,36638270
arthritis,GSE181351,36638270
arthritis,GSE205409,36555166
arthritis,GSE223325,36398893
arthritis,GSE179800,36617171
arthritis,GSE220264,36685500
arthritis,GSE178724,35733354
arthritis,GSE216832,36542696
arthritis,GSE185440,38071204
arthritis,GSE191326,36178089
arthritis,GSE205431,36278270
arthritis,GSE192668,36214465
arthritis,GSE208161,36278483
arthritis,GSE206513,36496445
arthritis,GSE210826,36350089
arthritis,GSE206097,36434596
arthritis,GSE216491,36405702
arthritis,GSE214394,36209419
arthritis,GSE216174,36730179
arthritis,GSE208277,36227956
atrial fibrillation,GSE183310,35471998
atrial fibrillation,GSE201318,35775491
atrial fibrillation,GSE167081,35113653
atrial fibrillation,GSE154084,34019817
atrial fibrillation,GSE138255,33119050
atrial fibrillation,GSE138252,32841220
atrial fibrillation,GSE133802,32248749
atrial fibrillation,GSE152181,32814717
atrial fibrillation,GSE139427,33092403
atrial fibrillation,GSE128908,31735076
atrial fibrillation,GSE138529,31636200
atrial fibrillation,GSE135445,31731197
atrial fibrillation,GSE115574,34737791
atrial fibrillation,GSE62871,23644086
atrial fibrillation,GSE68475,27180889
atrial fibrillation,GSE79768,27494721
atrial fibrillation,GSE62727,24463922
atrial fibrillation,GSE50399,24395921
atrial fibrillation,GSE41177,23183193
chemokines,GSE229923,37903626
chemokines,GSE159987,34824220
chemokines,GSE215269,37771579
chemokines,GSE240080,37728477
chemokines,GSE237044,37530585
chemokines,GSE221037,37322431
chemokines,GSE228596,37345655
chemokines,GSE229670,37074930
chemokines,GSE224302,37149684
chemokines,GSE166291,36790376
chemokines,GSE201916,36688917
chemokines,GSE210910,36263047
chemokines,GSE169144,36713377
chemokines,GSE212852,36248905
chemokines,GSE192400,36136589
chemokines,GSE192679,36195635
chemokines,GSE184423,35995508
chemokines,GSE202295,36070371
chemokines,GSE202947,36119044
chemokines,GSE186467,37055433
chemokines,GSE193782,35820705
chemokines,GSE171335,34260918
chemokines,GSE193027,35046049
chemokines,GSE192388,35099275
chemokines,GSE157581,34877932
chemokines,GSE131048,34725321
chemokines,GSE185746,34847356
chemokines,GSE157534,34716339
chemokines,GSE182715,34671159
chemokines,GSE167029,34414385
chemokines,GSE179111,34343496
chemokines,GSE178681,34234274
chemokines,GSE150140,34048536
chemokines,GSE173363,27956697
chemokines,GSE152142,33939688
chemokines,GSE167311,33765141
chemokines,GSE163652,33815271
chemokines,GSE162605,34999734
chemokines,GSE160735,33435128
chemokines,GSE136949,33452453
chemokines,GSE131139,32203421
chemokines,GSE155476,32959976
chemokines,GSE148647,33117399
chemokines,GSE133028,32859762
chemokines,GSE115103,33311473
chemokines,GSE152625,32717023
chemokines,GSE153970,32699094
chemokines,GSE154039,33795831
chemokines,GSE153790,32963283
chemokines,GSE151373,32553738
Huntington Disease,GSE245631,37807512
Huntington Disease,GSE241430,38066314
Huntington Disease,GSE187445,37468457
Huntington Disease,GSE166567,37407555
Huntington Disease,GSE211891,36640336
Huntington Disease,GSE199837,36670467
Huntington Disease,GSE180928,36543778
Huntington Disease,GSE149900,36265442
Huntington Disease,GSE156236,36278490
Huntington Disease,GSE209893,35943803
Huntington Disease,GSE182866,34936701
Huntington Disease,GSE201694,36585400
Huntington Disease,GSE194416,35773691
Huntington Disease,GSE165317,35082301
Huntington Disease,GSE162813,34911927
Huntington Disease,GSE171099,33952696
Huntington Disease,GSE166695,33674575
Huntington Disease,GSE152058,32681824
Huntington Disease,GSE130570,31722751
Huntington Disease,GSE148440,32990597
Huntington Disease,GSE143355,32448329
Huntington Disease,GSE124846,31619545
Huntington Disease,GSE111622,31834602
Huntington Disease,GSE135057,31822756
Huntington Disease,GSE105041,30554964
Huntington Disease,GSE115522,29891550
Huntington Disease,GSE110226,29848382
Huntington Disease,GSE88775,29581148
Huntington Disease,GSE104552,29440125
Huntington Disease,GSE96099,28954224
Huntington Disease,GSE97101,28453524
interferons,GSE232922,38029747
interferons,GSE242045,38179044
interferons,GSE230536,38167224
interferons,GSE226601,38118407
interferons,GSE180906,35713959
interferons,GSE220729,38194914
interferons,GSE248021,38085267
interferons,GSE249240,38143742
interferons,GSE195828,35738238
interferons,GSE247728,38139463
interferons,GSE201160,37733447
interferons,GSE204716,38042900
interferons,GSE243864,38058490
interferons,GSE236601,38086794
interferons,GSE244678,37948180
interferons,GSE222649,37922365
interferons,GSE245029,38009796
interferons,GSE216484,36803114
interferons,GSE217923,37548590
interferons,GSE206747,38016475
interferons,GSE218585,37816090
interferons,GSE235237,37803324
interferons,GSE209601,37467105
interferons,GSE206428,37766429
interferons,GSE244203,37872155
interferons,GSE240009,37669366
interferons,GSE234344,37632027
interferons,GSE158261,36870611
interferons,GSE174297,37777550
interferons,GSE225765,37635251
interferons,GSE214832,37644431
interferons,GSE216927,37626314
interferons,GSE215433,37738983
interferons,GSE231590,37604312
interferons,GSE214539,37626143
interferons,GSE193353,37723181
interferons,GSE237028,37487070
interferons,GSE202186,38057668
interferons,GSE237377,37794185
interferons,GSE235348,37436893
interferons,GSE218601,37516912
interferons,GSE199704,37465665
interferons,GSE189856,37612508
interferons,GSE212587,36445328
interferons,GSE229311,37275883
interferons,GSE233883,37208779
interferons,GSE223122,37287978
interferons,GSE203220,36736301
interferons,GSE209785,37092726
interferons,GSE231887,38097561
interferons,GSE224855,37289084
interleukins,GSE218743,37196065
interleukins,GSE240755,38169599
interleukins,GSE244226,38215193
interleukins,GSE237140,38100544
interleukins,GSE222049,38070317
interleukins,GSE211327,38082147
interleukins,GSE240924,38093296
interleukins,GSE209945,38096050
interleukins,GSE245236,38057662
interleukins,GSE241139,38165930
interleukins,GSE241881,38055067
interleukins,GSE247398,38162655
interleukins,GSE243587,37947658
interleukins,GSE232915,38048223
interleukins,GSE241586,38167707
interleukins,GSE245571,37956299
interleukins,GSE162791,35948648
interleukins,GSE210091,38172124
interleukins,GSE229063,38182585
interleukins,GSE234340,37889976
interleukins,GSE199821,37939119
interleukins,GSE243853,38030609
interleukins,GSE200348,37733448
interleukins,GSE196895,37798647
interleukins,GSE217893,37920458
interleukins,GSE227326,37718909
interleukins,GSE244300,37830760
interleukins,GSE226125,37738167
interleukins,GSE228482,37463445
interleukins,GSE205751,37731844
interleukins,GSE235255,37978298
interleukins,GSE217498,37898600
interleukins,GSE242200,38155972
interleukins,GSE220586,37574185
interleukins,GSE237696,37691956
interleukins,GSE236445,37680073
interleukins,GSE200372,37493250
interleukins,GSE184586,37729919
interleukins,GSE217847,37914939
interleukins,GSE217995,36321537
interleukins,GSE216130,37809101
interleukins,GSE226244,37781383
interleukins,GSE224973,37562653
interleukins,GSE224735,37742038
interleukins,GSE162123,37254162
interleukins,GSE236854,37629170
interleukins,GSE240348,38054003
interleukins,GSE221648,37540729
interleukins,GSE235310,37680639
interleukins,GSE220281,37533789
interleukins,GSE217949,37932457
interleukins,GSE236540,37749256
interleukins,GSE237649,37587561
interleukins,GSE236391,37443161
interleukins,GSE208006,37735240
interleukins,GSE232790,37699897
lymphoma,GSE56268,24843176
lymphoma,GSE53820,24357726
lymphoma,GSE34176,23764004
lymphoma,GSE53633,24480986
lymphoma,GSE47044,24244368
lymphoma,GSE23394,21364752
lymphoma,GSE44355,23945590
lymphoma,GSE48399,24577510
lymphoma,GSE34763,23321250
lymphoma,GSE34771,22908096
lymphoma,GSE37355,22624040
lymphoma,GSE27255,22338016
lymphoma,GSE23293,21270444
lymphoma,GSE27226,21772049
lymphoma,GSE26673,21245480
lymphoma,GSE20011,21119597
lymphoma,GSE23972,20829372
lymphoma,GSE20115,20436485
lymphoma,GSE18204,20185581
lymphoma,GSE17920,20220182
lymphoma,GSE17189,20216076
lymphoma,GSE12453,29889102
lymphoma,GSE10212,18571840
lymphoma,GSE10043,18608577
lymphoma,GSE6136,17166848
lymphoma,GSE5681,17713546
lymphoma,GSE4296,16823896
lymphoma,GSE4157,16675561
lymphoma,GSE4176,16409295
lymphoma,GSE2964,16357179
lymphoma,GSE3647,12571354
lymphoma,GSE2657,17033203
lymphoma,GSE1880,15525642
lymphoma,GSE223655,37875502
lymphoma,GSE211829,37600821
lymphoma,GSE185796,37500691
lymphoma,GSE213088,37624862
lymphoma,GSE207678,37531660
lymphoma,GSE189632,37032358
lymphoma,GSE201058,36264161
myocardial infarction,GSE238074,37937441
myocardial infarction,GSE230201,37602409
myocardial infarction,GSE206787,38129410
myocardial infarction,GSE218474,38126173
myocardial infarction,GSE227251,37985764
myocardial infarction,GSE222417,37350296
myocardial infarction,GSE235257,37828006
myocardial infarction,GSE230811,37751357
myocardial infarction,GSE235434,37769108
myocardial infarction,GSE205103,37875117
myocardial infarction,GSE236374,37816050
myocardial infarction,GSE235785,37460898
myocardial infarction,GSE159315,37840130
myocardial infarction,GSE221650,37298503
myocardial infarction,GSE228096,37849042
myocardial infarction,GSE201947,37183820
myocardial infarction,GSE165543,37491334
myocardial infarction,GSE205622,36964085
myocardial infarction,GSE194388,36726025
myocardial infarction,GSE223508,37783697
myocardial infarction,GSE184986,36756875
myocardial infarction,GSE198059,36744467
myocardial infarction,GSE163277,35417553
myocardial infarction,GSE193516,37018396
myocardial infarction,GSE214696,36439111
myocardial infarction,GSE198300,37009793
myocardial infarction,GSE196469,36867699
myocardial infarction,GSE215801,36526599
myocardial infarction,GSE220865,37952030
myocardial infarction,GSE185266,36503256
myocardial infarction,GSE217736,36396031
myocardial infarction,GSE217268,36496449
myocardial infarction,GSE205405,36250966
myocardial infarction,GSE215944,36581694
myocardial infarction,GSE193426,36171393
myocardial infarction,GSE211768,36248854
myocardial infarction,GSE197853,35950218
myocardial infarction,GSE208159,36788811
myocardial infarction,GSE195978,36335128
myocardial infarction,GSE198401,35709278
myocardial infarction,GSE165857,35933399
myocardial infarction,GSE183918,35784351
myocardial infarction,GSE253984,38012001
myocardial infarction,GSE202170,35810562
myocardial infarction,GSE185634,35780861
myocardial infarction,GSE168856,35837763
myocardial infarction,GSE168742,35672400
myocardial infarction,GSE185396,35000421
myocardial infarction,GSE181872,34752417
myocardial infarction,GSE132515,34939931
myocardial infarction,GSE181935,34515499
renin,GSE218569,37395102
renin,GSE140948,36736425
renin,GSE180873,34762601
renin,GSE147935,32466437
renin,GSE185616,34494644
renin,GSE167522,33993729
renin,GSE127332,31908037
renin,GSE110652,29521603
renin,GSE113195,29676999
renin,GSE57401,28396539
renin,GSE104416,29232382
renin,GSE55838,24904090
renin,GSE71534,26769049
renin,GSE53916,24549417
renin,GSE37825,22918120
renin,GSE31780,21993888
renin,GSE17218,21931791
renin,GSE12672,19307186
renin,GSE14243,19433777
renin,GSE5946,22403797
renin,GSE4340,16940215
renin,GSE2017,16204365
renin-angiotensin system,GSE229842,38071212
renin-angiotensin system,GSE235234,37609445
renin-angiotensin system,GSE228756,37256677
renin-angiotensin system,GSE216033,37311769
renin-angiotensin system,GSE213649,36892893
renin-angiotensin system,GSE217863,36851710
renin-angiotensin system,GSE168350,34147480
renin-angiotensin system,GSE188349,34879704
renin-angiotensin system,GSE171240,35406662
renin-angiotensin system,GSE154019,34528115
renin-angiotensin system,GSE149006,34340197
renin-angiotensin system,GSE117704,32968066
renin-angiotensin system,GSE137086,32418621
renin-angiotensin system,GSE120937,30850637
renin-angiotensin system,GSE112116,30776024
renin-angiotensin system,GSE109832,30060096
renin-angiotensin system,GSE87122,28368454
renin-angiotensin system,GSE77214,27477281
renin-angiotensin system,GSE51593,25534858
renin-angiotensin system,GSE36446,24598804
renin-angiotensin system,GSE34552,22791343
renin-angiotensin system,GSE19366,21865292
renin-angiotensin system,GSE19058,21357272
renin-angiotensin system,GSE6573,17261642